id	name	busyo_id	keisyo	rare	type	horse	shield	bow	rance	weapon	effect	rate	cap	desc_easy	desc_detail
1	古の悪来	1		S	指揮	TRUE	TRUE	TRUE	TRUE	TRUE	強化	100	0	自軍主将への通常攻撃を肩替りし、攻撃者に反撃する	自軍主将が通常攻撃の目標となった時、攻撃者に対して猛撃(ダメージ率40％)を発動する。さらに攻撃者の与兵刃ダメージを9％減らし、1ターン持続する。主将が受ける通常攻撃を肩替りする。
2	神機莫測	2		S	アクティブ	TRUE	TRUE	TRUE	TRUE	TRUE	計略複数	65	0	敵味方を問わずに混乱状態を与える	敵軍単体を2ターンの間、混乱状態にする。また自身以外の敵味方全員に対して順次に判定する。混乱状態のない場合は、自軍敵軍問わずに25%の確率で混乱状態(目標を無差別に攻撃)にする。既に混乱状態の友軍だった場合、弱体状態を解除する。(自身が主将の場合、さらにその友軍の与ダメージを6%増やす(知力の影響を受ける)。2ターン持続する。)既に混乱状態の敵だった場合、計略ダメージ(ダメージ率87.5%、知力の影響を受ける)を与える
3	鷹視狼顧	3		S	指揮	TRUE	TRUE	TRUE	TRUE	TRUE	強化	100	0	条件付きで自身を心攻または鬼謀状態にし、敵軍に計略ダメージを与える	戦闘開始後最初の4ターンの間、毎ターン80%の確率で、自身が3.5%心攻または鬼謀発生率を獲得する(種類ごとの効果の重ね掛けは、最多2回まで)。5ターン目から、1ターンにつき80%の確率で1-2人の敵軍に計略ダメージ(ダメージ率77%、知力の影響を受ける)を与える。自身が主将の場合、鬼謀発生率は8%上昇する。
4	乱世の奸雄	4		S	指揮	TRUE	TRUE	TRUE	TRUE	TRUE	強化	100	0	被ダメージを減らす。主将の場合、追加効果あり	友軍2人の与ダメージを8％(知力の影響を受ける)増やし、自身の被ダメージを9％(知力の影響を受ける)減らす。自身が主将の場合、副将が与えたダメージ量の10％の兵力を回復する。
5	遼来遼来	5		S	パッシブ	TRUE	TRUE	TRUE	TRUE	TRUE	強化	100	0	自身の突撃戦法発動率を増やし、敵軍主将をロックする	通常攻撃の目標が34%の確率で敵軍主将をロックする。さらに突撃戦法発動率を7.5%増やし、突撃戦法発動後に目標に兵刃ダメージ(ダメージ率47.5%)を与える。自身が主将の場合、3%離反状態になる
6	仁徳載世	6		S	指揮	TRUE	TRUE	TRUE	TRUE	TRUE	治療	100	0	自軍2人の兵力を回復し、敵軍単体を虚弱状態にする	毎ターン自軍2人の兵力を回復(回復率34%、知力の影響を受ける)し、5%の確率で敵軍単体を虚弱状態(ダメージを与えられない)にする。1ターン持続する。自身が主将の場合、虚弱状態にする確率が12.5%になる。
7	連環計	7		S	アクティブ	TRUE	TRUE	TRUE	TRUE	TRUE	計略複数	35	0	敵軍全体を鉄鎖連環状態にし、計略ダメージを与える	1ターンの準備期間の後、敵軍全体に対し、鉄索連環効果をもたらし、いずれかの目標がダメージを受けた時、ほかの敵軍(2人)も7.5%ダメージを受ける状態にする。鉄索連環効果は2ターン持続します。次いで、敵軍全体に計略ダメージ(ダメージ率78%、知力の影響を受ける)を与える。
8	縦横疾駆	8		S	パッシブ	TRUE	TRUE	TRUE	TRUE	TRUE	強化	100	0	自身の武力を増やし、範囲攻撃状態にする	武力を17増やし、27%範囲攻撃状態(通常攻撃時、目標と同部隊の他の武将にもダメージを与える)になる。自身が主将の場合、範囲攻撃値が30%となる。
9	神機妙算	9		S	指揮	TRUE	TRUE	TRUE	TRUE	TRUE	制御	100	0	敵軍2人のアクティブ戦法発動を防ぎ、計略ダメージを与える	敵軍2人に対し、アクティブ戦法発動時25%の確率で発動を失敗させ、計略ダメージ(ダメージ率100%、知力の影響を受ける)を与える。自身が主将の場合、計略ダメージ(双方の知力の差の影響を受ける)を増やす。
10	雷名天下	10		S	アクティブ	TRUE	TRUE	TRUE	TRUE	TRUE	兵刃複数	35	0	敵軍全体に兵刃ダメージを与え、制御状態にする	1ターンの準備期間の後、敵軍全体に猛攻を仕掛け(ダメージ率73%)、自身の与兵刃ダメージを18%増加させる。2ターン持続する。そして50％の確率(自身が主将の場合、確率が65%に上昇する)で敵軍全員を封印(通常攻撃ができない)、砕心(アクティブ戦法を発動できない)状態にする(判定はそれぞれ独立)。1ターンの間持続する。
11	弓腰姫	11		S	指揮	TRUE	TRUE	TRUE	TRUE	TRUE	兵刃単体	100	0	敵軍単体に兵刃ダメージを与え、自身の武力を増やす	通常攻撃前に敵軍単体に兵刃ダメージ(ダメージ率61%)を与える。有益な機能性状態にある場合、さらに兵刃ダメージ(ダメージ率10%×状態数)が上がり、さらに武力値を9増やす。この戦法は発動後に付与された有益な機能性状態下のみカウントされる。最大5回重ね掛け可能
14	火焼連営	14		S	アクティブ	TRUE	TRUE	TRUE	TRUE	TRUE	計略単体	50	0	敵軍単体を燃焼状態にする	敵軍単体を燃焼状態(ダメージ率41%、知力の影響を受ける。自身が主将の場合、ダメージ率を49%)にする。2回発動し、それぞれ3ターン持続する。目標が既に燃焼状態の場合は、焼払いする。敵軍全体に計略ダメージ(ダメージ率31%、知力の影響を受ける)を与え、別の敵軍単体を燃焼状態にする。同じターンにて、燃焼状態を持つ目標が2回焼払いされると、30%の確率で目標を恐慌状態にする。1ターン持続する。
15	高櫓連営	15		S	パッシブ	TRUE	TRUE	TRUE	TRUE	TRUE	兵刃単体	100	0	敵軍単体に兵刃ダメージを与えて封印状態にし、被ダメージを増やす	戦闘開始時、櫓を設置し、10回装填し(回数が0になると失効)、毎ターン2回発射し、敵軍単体に兵刃ダメージを与え)(毎回目標はランダムに決められる。ダメージ率41%)、50%の確率(武力の影響を受ける)で追加１回発射する。50%の確率でで相手の受けるダメージを3％上昇させ、2回重ねがけできる。最初のターンに発射した目標に対し封印状態を付与、毎ターン37.5%の確率で通常攻撃ができなくなり、2ターン持続する。自身が主将の場合、毎ターンに1回装填する。
16	符命自立	16		S	パッシブ	TRUE	TRUE	TRUE	TRUE	TRUE	強化	100	0	自身の会心および鬼謀発生率を増やす	戦闘開始後２ターンの内のいずれかターンに、自身が玉璽効果を獲得する。会心(発動時、兵刃ダメージが100%上昇)及び鬼謀(発動時、計略ダメージが100%上昇)の発動率を50%増やす。増やした発動率は毎ターン徐々に下がり、8ターン目には0まで下がる。自身が主将の場合、アクティブ戦法発動率を12.5%増やし、準備戦法の場合は発動率を17.5%増やす。この増やした発動率も同様に毎ターン徐々に下がる。
17	南蛮巨魁	17		S	指揮	TRUE	TRUE	TRUE	TRUE	TRUE	兵刃複数	100	0	兵刃ダメージを与えるが、通常攻撃を受ける事により虚弱になる	戦闘中、毎ターン行動時に14%の確率で敵軍全体に兵刃ダメージ(ダメージ率53%)を与える。そのターンで発動しなかった場合、その発動確率が12%上乗せされていく。自身が7回通常攻撃を受けると1ターンの間虚弱(ダメージを与えられない)状態になり、発動確率はリセットされる。自身が主将の場合、毎ターン15%(自軍に自身以外の異民族の武将が1人多い毎に、追加で15%上昇)の確率で、全異民族の与ダメージを10%(自身の兵力損失の影響を受け、最大75%まで)増加させる。1ターン持続する。
18	雨乞之術	18		S	指揮	TRUE	TRUE	TRUE	TRUE	TRUE	計略複数	100	0	敵軍全体を水溺状態にする	戦闘開始2ターン目に、敵軍全体を水溺状態にし、毎ターンダメージを与え、(ダメージ率36%。知力の影響を受ける)さらに敵軍全体の被ダメージを5％増加させる。5ターンの間持続する
19	酒池肉林	19		S	パッシブ	TRUE	TRUE	TRUE	TRUE	TRUE	強化	100	0	自身の兵力を減らして離反状態になり、武力を増やす	毎ターン兵力を減らし(1%×ターン数)、4%離反状態(兵刃ダメージを与えた時、ダメージ量に基づき兵力を回復)になり、武力を15増やす。自身が主将かつ5ターン目以降に自軍副将が生存している場合、毎ターン敵軍・自軍全体に兵刃ダメージ(ダメージ率30%)を与える。
20	天下無双	20		S	アクティブ	TRUE	TRUE	TRUE	TRUE	TRUE	兵刃単体	25	0	敵軍単体と決闘を発生させる	敵軍単体と一騎討ちを発生させる。一騎討ちは双方が交互に通常攻撃を3回行う。行動順は自身が先となる。一騎討ちの間、双方は封印状態(通常攻撃不能)および恐慌状態(行動不能)の影響を受けず、範囲攻撃(目標と同部隊の他の武将にもダメージを与える)と突撃戦法を発動できる。自身が主将の場合、一騎討ち後に被兵刃ダメージを3.5%(武力の影響を受ける)減らす。2ターン持続する。
23	虎痴	23		S	パッシブ	TRUE	TRUE	TRUE	TRUE	TRUE	強化	100	0	敵単体をロックし、目標への与ダメージを増やす	毎ターン敵軍単体をロックし、目標に対して自身が発動する全ての攻撃の与ダメージを16.5%増やす。目標を撃破した場合、戦闘終了まで自身を破陣状態(目標の統率と知力を無視)にする。
24	大戟士	24	TRUE	S	兵種				TRUE		強化	100	1	槍兵を猪突猛進の大戟士にランクアップさせる	槍兵を猪突猛進の大戟士にランクアップさせ、味方全体の武力を7増やす。通常攻撃時に35%の確率で敵軍単体に兵刃ダメージを与え(ダメージ率61%)、張郃が統率している場合、発動確率が40%に上昇する
25	湯池鉄城	25		S	指揮	TRUE	TRUE	TRUE	TRUE	TRUE	治療	100	0	自身を通常攻撃不能にし、2ターンごと交互に自軍の兵力を回復または敵軍に兵刃ダメージを与える	通常攻撃ができなくなる(解除不可)。代わりに、2ターンずつ、次の効果が交互に発動する。最初の2ターンは自軍2人を回復(回復率49%、知力の影響を受ける)する。次の2ターンは、敵軍複数に兵刃ダメージ(ダメージ率51%)を与え、燃焼状態にして毎ターン継続ダメージ(ダメージ率36%、知力の影響を受ける)を与え、燃焼状態は1ターンずつ持続する。
26	金城湯池	26		S	アクティブ	TRUE	TRUE	TRUE	TRUE	TRUE	強化	35	0	自身の洞察状態にし、敵軍を挑発状態にする	洞察状態(制御耐性を獲得)になり、敵軍全体を挑発状態(目標に自身への通常攻撃を強制)にする。さらに自身の統率を75増やす。2ターン持続する。
28	十面埋伏	28		S	アクティブ	TRUE	TRUE	TRUE	TRUE	TRUE	計略複数	35	0	弱体状態の敵軍に計略ダメージを与え、敵軍複数を回復無効状態および逃亡状態にする	弱体状態の敵に計略ダメージ(ダメージ率48%、知力の影響を受ける)を与え、敵軍2人を回復無効状態(兵力回復不能)および逃亡状態にして毎ターン継続ダメージ(ダメージ率37%。武力または知力のうち高い方が影響し、防御は無視される)を与える。2ターン持続する。
30	十二奇策	30		S	アクティブ	TRUE	TRUE	TRUE	TRUE	TRUE	強化	45	0	自軍全体のアクティブ戦法発動率を増やし、敵軍1－2人の強化状態を解除する。	敵軍1-2人の強化状態を解除する。さらに1ターンの間、自軍全体のアクティブ戦法発動率を2.5%増やし(知力の影響を受ける)、次回のアクティブ戦法発動後、敵軍単体に計略ダメージ(ダメージ率51%、知力の影響を受ける)を与える
31	長駆直入	31		S	パッシブ	TRUE	TRUE	TRUE	TRUE	TRUE	強化	100	0	自身の与兵刃ダメージを増やす	兵刃ダメージを与える毎に自身の与兵刃ダメージが7.5%増える。最大5回重ねがけ可能。
32	剛毅不屈	32		S	パッシブ	TRUE	TRUE	TRUE	TRUE	TRUE	兵刃複数	100	0	自身の統率を増やし、敵軍2人に反撃する	統率を19増やす。さらに兵刃ダメージを受けた時、40%の確率で敵軍2人に兵刃ダメージ(ダメージ率42%)を与える。
33	掲棺決戦	33		S	アクティブ	TRUE	TRUE	TRUE	TRUE	TRUE	兵刃複数	30	0	敵軍2人の強化状態を解除し、兵刃ダメージを与える	1ターンの準備期間の後、敵軍2人の強化状態を解除し、兵刃ダメージ(ダメージ率127.5%)を与える。
34	精練策数	34		S	アクティブ	TRUE	TRUE	TRUE	TRUE	TRUE	計略複数	45	0	敵軍2～3人に計略ダメージを与え、封印状態にする	1ターンまで準備し、敵軍集団(2～3人)に対して計略攻撃を与え(ダメージ率105%、知力の影響を受ける)、封印し(通常攻撃ができない)、2ターンの間持続する。
35	錦嚢妙計	35		S	指揮	TRUE	TRUE	TRUE	TRUE	TRUE	強化	100	0	友軍固有のアクティブ戦法発動率上昇	戦闘中、奇数ターンは14%の確率(知力の影響を受ける)で、偶数ターンは35%の確率(知力の影響を受ける)で、友軍単体の固有アクティブ戦法発動率を100%上昇させる。同時に12.5%の確率で1ターンの準備期間をスキップし、1ターンの間その効果を持続する。自分が主将の場合、発動時敵軍単体に追加の計略ダメージを与え(ダメージ率22.5%、知力の影響及び双方の知力の差の影響を受ける )、準備期間をスキップする確率を40%まで上昇させる
36	誓守無降	36		S	アクティブ	TRUE	TRUE	TRUE	TRUE	TRUE	強化	25	0	自軍を洞察状態にし、敵軍主将を砕心状態にする	1ターンの準備期間の後、自軍2人を洞察状態(制御耐性を獲得)にする。2ターン持続する。さらに2ターン以内に計略ダメージを受けた場合、敵軍主将を砕心状態(アクティブ戦法発動不能)にする。2ターン持続する。
37	将門虎女	37		S	アクティブ	TRUE	TRUE	TRUE	TRUE	TRUE	兵刃複数	60	0	兵刃ダメージを与え、条件付きで制御する	敵軍2人に兵刃ダメージ(ダメージ率64%)および虎嗔効果(次のターンにおいて効果を発揮)を与える。虎嗔効果が与えられた目標は次のターンにおいて、追加の兵刃ダメージを受ける(ダメージ率10％。次のターンまで、目標がダメージを受けるたび、ダメージ率が15%上昇し、最大3回まで重ねがけ可能)。ただし、次のターンまでに目標がダメージを累計で3回受けた場合は、直ちに上乗せされた兵刃ダメージを与え、追加で1ターンの間目標を恐慌状態にし、虎嗔効果を終了する。さらに自身の与兵刃ダメージを4％上昇させる(兵刃ダメージの上昇効果は重ねがけ可能)。
38	鴟苕鳳姿	38		S	パッシブ	TRUE	TRUE	TRUE	TRUE	TRUE	強化	100	0	自身の通常攻撃による与ダメージを増やす	通常攻撃のダメージを30%(目標の損失兵力の影響を受ける)増やす。5ターンに敵軍で兵力が最も低い武将をロック(戦闘終了まで持続)し、通常攻撃時に35%の確率で回復無効状態(兵力回復不能)にする。1ターン持続する
39	白耳兵	39	TRUE	S	兵種				TRUE		強化	100	1	槍兵を「向かうところ敵なし」の白耳兵にランクアップさせる	槍兵を「向かうところ敵なし」の白耳兵にランクアップする。自軍全体が通常攻撃後に20%の確率で目標に計略ダメージ(ダメージ率55%、知力の影響を受ける)を与える。陳到が統率する場合、計略ダメージの威力が増える(ダメージ率65%、知力の影響を受ける)。
40	義胆雄心	40		S	パッシブ	TRUE	TRUE	TRUE	TRUE	TRUE	計略複数	100	0	ダメージを与え、属性を低下させる	戦闘中、奇数ターンにおいて敵軍単体に92%兵刃ダメージを与え、更に武力を32ポイント低下させる。2ターンの間持続する。偶数ターンにおいて敵軍複数(2人)に38%計略ダメージ(知力の影響を受ける)を与えると共に知力を17ポイント低下させる。2ターンの間持続する。自身が主将の場合、目標の属性低下の効果は自身の対応する属性の影響を受ける
41	奇兵近道	41		S	パッシブ	TRUE	TRUE	TRUE	TRUE	TRUE	強化	100	0	準備ターンを無くし、アクティブ戦法のダメージを上昇させる	戦闘中、準備戦法が発動時、75%の確率(武力の影響を受ける)で準備時間が1ターン減少し、戦闘開始後4ターンの間、アクティブ戦法によるダメージを15%上昇させ(武力の影響を受ける)、5ターン目に自身の兵力が50%を下回ると、戦闘終了まで22.5%離反状態になる。
42	百歩穿楊	42		S	アクティブ	TRUE	TRUE	TRUE	TRUE	TRUE	兵刃複数	35	0	自身の会心発生率を増やし、敵軍全体に兵刃ダメージを与える	1ターン準備し、自身の12.5%会心率を上昇させる(発動時、兵刃ダメージが100%上昇)。2ターン持続。その後、敵軍全体に兵刃攻撃を与える(ダメージ率90%)。目標が制御状態にある場合、その兵刃攻撃は更に強力となる(ダメージ率120%)。
43	一身是胆	43		S	パッシブ	TRUE	TRUE	TRUE	TRUE	TRUE	強化	100	0	自身を洞察状態にし、武力、統率、知力、速度を増やす	洞察状態(制御耐性を獲得)になり、武力、統率、知力、速度を20増やす。自身が主将の場合、上昇値は25になる。
44	燕人咆哮	44		S	パッシブ	TRUE	TRUE	TRUE	TRUE	TRUE	兵刃複数	100	0	敵軍全体に兵刃ダメージを与え、条件付きで敵軍の統率を減らす	2、4ターン目に敵軍全体に兵刃ダメージ(ダメージ率52%)を与える。目標が封印状態の場合、目標の統率を25%減らす。2ターン持続する。自身が主将の場合、目標が砕心状態の場合にも統率を減らす。
45	江天長焔	45		S	指揮	TRUE	TRUE	TRUE	TRUE	TRUE	計略単体	100	0	計略被ダメージ上昇及び計略ダメージをもたらす	戦闘中、毎ターン敵軍全体に与える計略ダメージを2％(知力の影響を受ける)上昇させる。重ねがけ可能。さらに毎ターン12.5%の確率(自身が主将の場合は17.5%で、燃焼状態あるいは水溺状態の敵軍一名ごとに2%上昇)で、敵軍単体に計略ダメージを与える(ダメージ率73%、知力の影響を受ける)。自身が主将の場合、ダメージを与える目標として、敵軍の中で兵力の一番低い単体をロックする
46	国士将風	46		S	指揮	TRUE	TRUE	TRUE	TRUE	TRUE	強化	100	0	自身および友軍単体を強化状態にし、与ダメージを増やす	戦闘開始後3ターンの間、自身および友軍単体を先攻状態(優先行動)および必中状態(回避状態を無視)にし、与ダメージを10%(速度の影響を受ける)増やす
47	済貧施恵	47		S	指揮	TRUE	TRUE	TRUE	TRUE	TRUE	強化	100	0	自身の属性を友軍単体に付与する	2ターン目に自身の属性20%を友軍中兵力が最も低い武将に移す。3～5ターン目に自軍で兵力が最も低い武将を回復(回復率142%、知力の影響を受ける)し、被ダメージを13%減らす(知力の影響を受ける)。1ターン持続する
48	坐断東南	48		S	指揮	TRUE	TRUE	TRUE	TRUE	TRUE	強化	100	0	自身および友軍単体を連撃状態、洞察状態、先攻状態、必中状態、破陣状態のいずれかにする	戦闘中、自身および友軍単体が通常攻撃を行った後、自身を37.5%の確率で連撃状態(1ターンに2回通常攻撃)、洞察状態(制御耐性を獲得)、先攻状態(優先行動)、必中状態(回避状態を無視)、破陣状態(目標の統率と知力を無視)のいずれかにする。2ターン持続する。自身が主将の場合、優先的に異なる状態を獲得する。
49	錦帆百翎	49		S	パッシブ	TRUE	TRUE	TRUE	TRUE	TRUE	強化	100	0	自身の会心発生率および会心ダメージを増やす	会心(発動時、兵刃ダメージが100%上昇)発生率を25%増やし、会心ダメージを10%増やす。自身が主将の場合、友軍2人の会心発生率を2.5%増やし、会心ダメージを5%増やす。
50	肉身鉄壁	50		S	パッシブ	TRUE	TRUE	TRUE	TRUE	TRUE	強化	100	0	友軍の被ダメージを肩替りし、その友軍の与ダメージを増やす	友軍の被ダメージを(15%、友軍主将に対しては30%)肩替りする(統率の影響を受ける)。友軍の兵力が70%以上の場合、その友軍の与ダメージを12%増やす(統率の影響を受ける)。自軍主将が孫権の場合、その友軍の与ダメージ率の上昇は20%となる
51	白衣渡江	51		S	指揮	TRUE	TRUE	TRUE	TRUE	TRUE	制御	100	0	ダメージを与えた目標を弱体状態にする	1ターン目に自軍全体が1回ダメージを無効化する。戦闘中、兵刃ダメージを与える毎に20%の確率で敵軍単体を封印状態(通常攻撃不能)にする。2ターン持続する。さらに計略ダメージを与える毎に20%の確率で敵軍単体を砕心状態(アクティブ戦法発動不能)にする。1ターン持続する。毎ターンそれぞれ1回のみ発動可能。
52	神射	52		S	パッシブ	TRUE	TRUE	TRUE	TRUE	TRUE	強化	100	0	自身を連撃状態にし、通常攻撃目標の統率を減らす	戦闘中、連撃状態(1ターンに2回通常攻撃)になり、通常攻撃の目標の統率を5減らす。2ターン持続し、重ねがけ可能。
53	江東猛虎	53		S	アクティブ	TRUE	TRUE	TRUE	TRUE	TRUE	制御	50	0	敵軍2人に兵刃ダメージを与え、挑発状態にする	敵軍2人に兵刃ダメージ(ダメージ率63%)を与え、挑発状態(目標が自身をロック)にする。2ターン持続する。
54	籌策帷幕	54		S	指揮	TRUE	TRUE	TRUE	TRUE	TRUE	援護	100	0	自軍主将の鬼謀発生率を増やし、被ダメージを肩替りする	味方主将の鬼謀(発動時、計略ダメージを100%上昇)の発生率を7％増やし(知力の影響を受ける)、鬼謀ダメージを20%増やす。さらに自軍主将の被ダメージを15%肩替りする(自身が主将の場合は無効)
55	神火計	55		S	パッシブ	TRUE	TRUE	TRUE	TRUE	TRUE	計略複数	100	0	自身のアクティブ戦法発動時、確率で敵軍全体に計略ダメージを与える	戦闘中、アクティブ戦法発動毎に40%の確率で敵軍全体に計略ダメージ(ダメージ率34%、知力の影響を受ける)を与える。自身が主将の場合、さらに20%の確率で目標を燃焼状態(ダメージ率34%、知力の影響を受ける)にする。1ターン持続する。
57	統監震軍	57		S	指揮	TRUE	TRUE	TRUE	TRUE	TRUE	強化	100	0	友軍が弱体状態をもたらすターン数上昇	戦闘中、友軍による任意の目標への弱体状態の継続時間を、19%の確率(知力の影響を受ける)で1ターン増加させる(混乱と偽報は該当しない)。次に自身が通常攻撃を発動した時、弱体状態を一番多く持つ敵軍単体に対し計略ダメージを与え(ダメージ率57%、これは知力の影響を受ける)、敵軍の中に弱体状態を持つものがいない場合、兵力の損失が最も多かった自軍単体の兵力を回復する(回復率46%、知力の影響を受ける)
58	権謀術策	58		S	アクティブ	TRUE	TRUE	TRUE	TRUE	TRUE	制御	35	0	自軍単体に防御効果を付与し、敵軍1－2人を混乱状態にする	1ターンの準備期間の後、敵軍1-2人の速度を15%減らし(知力の影響を受ける)、混乱状態(目標を無差別に攻撃)にする。2ターン持続する。さらに味方1人が1回ダメージを無効化する。1ターン持続する。
59	獅子奮迅	59		S	アクティブ	TRUE	TRUE	TRUE	TRUE	TRUE	兵刃複数	35	0	兵刃ダメージを与え、アクティブ戦法の発動率を増やす。かつ条件付きで敵軍を逃亡状態にする	敵軍単体及び追加で1～2名の敵に兵刃攻撃(ダメージ率59%)を与え更に自身のアクティブ戦法の発動確率を5%上昇させる(自身が主将の場合、発動確率は7.5%まで上昇)。2ターンの間持続する。単体目標が敵軍主将ならそれを逃亡状態にする。毎ターン継続的にダメージを与える(ダメージ率51%、武力または知力の高い方が影響し、防御は無視される)。2ターンの間持続する。
60	火神英風	60		S	指揮	TRUE	TRUE	TRUE	TRUE	TRUE	強化	100	0	自軍2人の兵力を回復し、虚弱状態耐性を付与する	戦闘開始後2ターンの間、自軍2人を必中状態(回避状態を無視)にする。3ターン目に目標が虚弱状態耐性を獲得し、自身が毎ターン行動前に自軍2人の兵力を回復(回復率79%は武力の影響を受ける)する。3ターン持続する。
61	藤甲兵	61	TRUE	S	兵種		TRUE				強化	100	1	盾兵を刀槍不入の藤甲兵にランクアップさせる	盾兵を刀槍不入の藤甲兵にランクアップする。自軍全体の被兵刃ダメージを12%減らす(統率の影響を受ける)が、燃焼状態によってダメージを受ける時、さらに追加ダメージを受ける(ダメージ率300%)。兀突骨が統率する場合、追加部分のダメージはダメージ率250%まで下がる。
62	白馬義従	62	TRUE	S	兵種			TRUE			強化	100	1	弓兵を弓馬に優れた白馬義従にランクアップさせる	弓兵を弓馬に優れた白馬義従にランクアップする。部隊行軍速度を25%増やす。さらに戦闘開始後2ターンの間、自軍全体を先攻状態(優先行動)にし、アクティブ戦法発動率を5%増やす。公孫瓚が統率する場合、発動率は速度の影響を受ける。
63	累世立名	63		S	アクティブ	TRUE	TRUE	TRUE	TRUE	TRUE	兵刃複数	50	0	敵軍2人に兵刃ダメージを与え、燃焼状態にする	1ターンの準備期間の後、敵軍2人に兵刃ダメージ(ダメージ率63%)を与え、統率を12減らし(武力の影響を受ける)、燃焼状態にして毎ターン継続ダメージ(ダメージ率30%、知力の影響を受ける)を与える。2ターン持続する。さらに自身が主将の場合、自軍全体の統率を40増やす。3ターン持続する。
64	五雷轟天	64		S	アクティブ	TRUE	TRUE	TRUE	TRUE	TRUE	計略複数	45	0	敵軍単体に計略ダメージを与え、恐慌状態にする	1ターンの準備期間の後、ランダムに敵軍単体へ計略ダメージ(ダメージ率68%、知力の影響を受ける)を与え、30%の確率で恐慌状態(行動不可)にし、1ターンの間持続する。計5回発動し、目標は毎回独立判定する。自分が主将の場合、目標が水溺/砂嵐状態であれば、これらの状態を1つ持つ毎に、恐慌状態にさせる確率が20%上昇する
65	鎮扼防拒	65		S	指揮	TRUE	TRUE	TRUE	TRUE	TRUE	制御	100	0	自軍単体が友軍を援護し、かつ治療する	毎ターン50%の確率(知力の影響を受ける)で自軍単体(自身以外の副将を優先的に目標とする)に以下の効果を与える：友軍全体を援護し、休養状態(毎ターン1回兵力を回復し、回復率96%で、知力の影響を受ける)になり、1ターンの間持続する。さらに1ターン以内に通常攻撃を受ける度、27.5%確率で(知力の影響を受ける)攻撃者の強化状態を解除する
66	四境震駭	66		S	アクティブ	TRUE	TRUE	TRUE	TRUE	TRUE	兵刃単体	35	0	兵刃与ダメージと兵刃被ダメージが上昇し、かつ砕心する	敵軍単体に兵刃攻撃を与え(ダメージ率89％)、2回発動する。一回目の目標に次の兵刃被ダメージを15%上昇させ(武力の影響を受ける)、二回目の目標に砕心(アクティブ戦法を発動できない)状態を付与し、1ターンの間持続。この2回攻撃はターゲットが別々に選択される。
67	虎豹騎	67	TRUE	S	兵種	TRUE	TRUE	TRUE	TRUE	TRUE	強化	100	1	騎兵を精鋭中の精鋭である虎豹騎にランクアップさせる	騎兵を精鋭中の精鋭である虎豹騎にランクアップする。自軍全体の武力を20増やし、戦闘開始後3ターンの間、自軍全体の突撃戦法発動率を5%増やす。曹純が統率する場合、発動率は武力の影響を受ける。
68	確乎不抜	68		S	アクティブ	TRUE	TRUE	TRUE	TRUE	TRUE	兵刃複数	35	0	自身の被兵刃ダメージと武力を増やし、敵軍2人に兵刃ダメージを与える	次回の兵刃被ダメージを40%上昇させ、1ターンの間持続、自身の武力を28ポイント上昇させ、3ターンの間持続する。さらに敵軍集団(2人)に猛烈一撃を与える(ダメージ率92%)
69	臨戦先駆	69		S	アクティブ	TRUE	TRUE	TRUE	TRUE	TRUE	兵刃複数	100	0	敵軍2人に兵刃ダメージを与え、自身を虚弱状態にする	敵軍2人に兵刃ダメージ(ダメージ率75%)を与えた後、自身が虚弱状態(ダメージを与えられない)になる。1ターン持続する。
70	暗渡陳倉	70		S	アクティブ	TRUE	TRUE	TRUE	TRUE	TRUE	制御	25	0	敵軍単体に計略ダメージを与え、恐慌状態にする	1ターンの準備期間の後、敵軍単体に計略ダメージ(ダメージ率260%、知力の影響を受ける)を与え、恐慌状態(行動不能)にする。2ターン持続する。
71	疾風二連	71		S	突撃	TRUE	TRUE	TRUE	TRUE	TRUE	制御	30	0	敵軍単体に兵刃ダメージを与え、砕心状態にする	通常攻撃後、ある敵軍単体に兵刃ダメージ(ダメージ率158%)を与える。敵軍主将に命中した場合、砕心状態(アクティブ戦法発動不能)にする。2ターン持続する。
72	十勝十敗	72		S	指揮	TRUE	TRUE	TRUE	TRUE	TRUE	援護	100	0	自軍主将を洞察状態にし、被ダメージを減らす	戦闘開始後2ターンの間、自軍主将を洞察状態(制御耐性を獲得)にし、被ダメージを25%減らす。
73	平明之治	73		S	内政	TRUE	TRUE	TRUE	TRUE	TRUE	内政	100	0	採石官委任時、石材産出量を増やす	武将が採石官に委任された場合、石材産出量を1.5%増やす
74	無當飛軍	74	TRUE	S	兵種			TRUE			強化	100	1	弓兵を百発百中の無當飛軍にランクアップさせる	弓兵を百発百中の無當飛軍にランクアップする。自軍全体の統率、速度を11増やし、1ターン目に敵軍2人を中毒状態にして毎ターン継続ダメージ(ダメージ率40%、知力の影響を受ける)を与える。3ターン持続する。王平が統率する場合、敵軍全体を中毒状態にする。ただし、与ダメージを減らす(ダメージ率33%、知力の影響を受ける)。
75	知者不惑	75		S	アクティブ	TRUE	TRUE	TRUE	TRUE	TRUE	計略複数	35	0	敵軍2人を弱体状態にする	敵軍2人を30%の確率でランダムに燃焼状態(知力の影響を受ける)、中毒状態(知力の影響を受ける)、潰走状態(武力の影響を受ける)にして毎ターン継続ダメージ(ダメージ率70%)を与える。それぞれの状態が付与されるかどうかは別個に判定される。2ターン持続する。
76	苦肉計	76		S	アクティブ	TRUE	TRUE	TRUE	TRUE	TRUE	制御	40	0	自身に兵刃ダメージを与え、敵軍を燃焼状態および混乱状態にする	自身が兵刃ダメージ(ダメージ率40%)を受け、敵軍単体を燃焼状態(ダメージ率61%、知力の影響を受ける)および混乱状態(目標を無差別に攻撃する)にし、自身の被兵刃ダメージを15%減らす。2ターン持続する。
77	勇烈持重	77		S	パッシブ	TRUE	TRUE	TRUE	TRUE	TRUE	強化	100	0	自身の弱体状態を解除し、敵軍単体を恐慌状態にする	ダメージを受けた時、20%の確率で弱体状態を解除し、ある敵軍単体を恐慌状態(行動不能)にし、1ターン持続する。1ターンに1回しか発動しない
78	江東小覇王	78		S	パッシブ	TRUE	TRUE	TRUE	TRUE	TRUE	強化	100	0	通常攻撃後、目標に猛攻を発動し、自軍単体の兵力を回復する	戦闘中、通常攻撃後に35%の確率で目標に猛攻(ダメージ率96%)を発動し、自軍単体の兵力を回復(回復率28%、武力の影響を受ける)する。自身が主将の場合、戦闘開始後2ターンの間、敵軍単体の最初の被ダメージを15%増やす。
79	進軍撃営	79		S	アクティブ	TRUE	TRUE	TRUE	TRUE	TRUE	兵刃単体	35	0	敵軍単体に兵刃ダメージを与え、回復無効状態にする	敵軍単体に兵刃ダメージ(ダメージ率117.5%)を与え、回復無効状態(兵力回復不能)にする。3ターン持続する。さらに弱体状態の友軍単体の固有戦法発動率を5%増やす1ターン持続する
80	象兵	80	TRUE	S	兵種	TRUE					強化	100	1	騎兵を縦横無尽の象兵にランクアップさせる	騎兵を縦横無尽の象兵にランクアップする。部隊の基礎攻城値を25%増やし、行軍速度を50%下げる。受けるダメージの25%を3ターン後に受けるようになる。さらにその先伸ばされた分の被ダメージを10%減らし、もし自身が燃焼状態の場合、50%範囲攻撃状態(通常攻撃時、目標と同部隊の他の武将にもダメージを与える)および混乱状態(目標を無差別に攻撃)になる。異民族が統率している場合、部隊に異民族の武将が1人増える毎に先伸ばされた分の被ダメージを5％減らす
81	鴆毒	81		S	アクティブ	TRUE	TRUE	TRUE	TRUE	TRUE	計略単体	70	0	敵軍単体の武力、統率を減らし、計略ダメージを与える	敵軍単体の武力を30%減らす(知力の影響を受ける)。1ターン持続する。1ターン後、目標を鴆毒状態にして計略ダメージ(ダメージ率113%、知力の影響を受ける)を与え、統率を30(知力の影響を受ける)減らす。重ねがけ可能。
82	陥陣営	82	TRUE	S	兵種		TRUE				強化	100	1	盾兵を「攻めて落とせぬものはなし」の陥陣営にランクアップさせる	盾兵を「攻めて落とせぬものはなし」の陥陣営にランクアップする。自軍全体の武力、統率を11増やす。さらに戦闘開始後3ターンの間、応急効果を獲得してダメージを受ける毎に30%の確率で自身の兵力を回復(回復率30%、知力の影響を受ける)する。高順が統率する場合、回復率は統率の影響を受ける。
83	西涼鉄騎	83	TRUE	S	兵種	TRUE					強化	100	1	騎兵を縦横天下の西涼鉄騎にランクアップさせる	騎兵を縦横天下の西涼鉄騎にランクアップする。戦闘開始後3ターンの間、自軍全体の会心(発動時、兵刃ダメージが100%上昇)発生率を12.5%増やす。馬騰が統率する場合、会心の発生率は速度の影響を受ける。
84	登鋒陥陣	84		S	アクティブ	TRUE	TRUE	TRUE	TRUE	TRUE	兵刃単体	55	0	敵軍単体に兵刃ダメージを与え、封印状態にする	敵軍単体に兵刃ダメージ(ダメージ率104%)を与え、封印状態(通常攻撃不能)にする。さらに自身の統率を40%減らし、回復無効状態(兵力回復不能)にする。2ターン持続する。
85	搦戦群雄	85		S	アクティブ	TRUE	TRUE	TRUE	TRUE	TRUE	兵刃複数	35	0	敵軍2人に兵刃ダメージを与え、自身を強化する	1ターンの準備期間の後、敵軍2人に兵刃ダメージ(ダメージ率100%)を与える。さらに自身の与兵刃ダメージを12.5%増やし、被兵刃ダメージを(12.5%、武力の影響を受ける)減らす。2ターン持続する。
86	勇冠三軍	86		S	突撃	TRUE	TRUE	TRUE	TRUE	TRUE	制御	30	0	通常攻撃の目標に兵刃ダメージを与え、恐慌状態にする	通常攻撃後、目標に猛攻(ダメージ率90%)を発動し、恐慌状態(行動不能)にする。1ターン持続する。
87	青嚢	87		S	指揮	TRUE	TRUE	TRUE	TRUE	TRUE	治療	100	0	自軍2人の統率を増やし、応急状態にする	戦闘開始後4ターンの間、自軍2人の統率を20増やし(知力の影響を受ける)、応急効果を獲得してダメージを受ける毎に50%の確率で兵力を回復(回復率44%、知力の影響を受ける)する。
88	金丹秘術	88		S	指揮	TRUE	TRUE	TRUE	TRUE	TRUE	治療	100	0	自軍全体に回避効果を付与し、休養状態にする	戦闘開始後2ターンの間、自軍全体の回避効果を17.5%増やす。3ターン目以降、さらに休養状態(毎ターン兵力を回復。回復率29%、知力の影響を受ける)にする。3ターン持続する。
90	奮矛英姿	90		S	パッシブ	TRUE	TRUE	TRUE	TRUE	TRUE	強化	100	0	敵軍の統率を奪い、自身の通常攻撃による与ダメージを増やす	戦闘中、通常攻撃後に目標の統率を7.5減らし、自身の武力に変換する。通常攻撃4回毎にダメージを50%増やし、さらに敵軍全体にダメージを与える
91	工神	91		S	指揮	TRUE	TRUE	TRUE	TRUE	TRUE	強化	100	0	自軍主将および副将の与ダメージを増やし、自軍全体を先攻状態にする	戦闘開始後3ターンの間、自軍全体を先攻状態(優先行動)にする。さらに自軍主将の与ダメージを15%増やし、自軍副将の与ダメージを7.5%増やす。4ターン目以降、自軍全体の与ダメージを15%減らす。2ターン持続する。
92	以逸待労	92		S	アクティブ	TRUE	TRUE	TRUE	TRUE	TRUE	治療	35	0	自軍2人の兵力を回復し、防御効果を付与する	自軍2人の兵力を回復(治療率77%、知力の影響を受ける)、次の3回受けるダメージを(1回目から3回目まで逐次に25%、18.8%、12.5%、知力の影響を受ける)減らす。次に制御状態になった時、25%(知力の影響を受ける)の確率でそれを無効にする。
94	羞花閉月	94		S	アクティブ	TRUE	TRUE	TRUE	TRUE	TRUE	制御	40	0	敵軍単体に自身の被ダメージを肩替りさせ、弱体状態にする	敵軍から1人選択して自身の被ダメージの12.5%を肩替りさせる(知力の影響を受ける)。さらに目標が敵軍で武力が最も高い武将の場合、混乱状態(目標を無差別に攻撃)にする。敵軍で知力が最も高い武将の場合、砕心状態(アクティブ戦法発動不能)にする。それ以外の場合、虚弱状態(ダメージを与えられない)および回復無効状態(兵力回復不能)にする。1ターン持続する。
95	百計多謀	95		S	指揮	TRUE	TRUE	TRUE	TRUE	TRUE	計略単体	100	0	敵軍単体に防御無視ダメージを与える	毎ターン50%の確率で敵軍単体に逃亡兵を発生させる(ダメージ率70%、知力の影響を受ける。防御無視)
97	機知頓才	97		S	アクティブ	TRUE	TRUE	TRUE	TRUE	TRUE	計略複数	40	0	敵軍2人の知力を減らし、計略ダメージを与える	敵軍2人の統率、知力を30%減らす。2ターン持続する。さらに計略ダメージ(ダメージ率78%、知力の影響を受ける)を与える
99	胡笳余音	99		S	アクティブ	TRUE	TRUE	TRUE	TRUE	TRUE	治療	50	0	兵力回復と強化獲得	自軍集団を治療(2人、治療率61%、知力の影響を受ける)し、50%の確率で自身と友軍単体の与ダメージを13%上昇させ(知力の影響を受ける)、被ダメージを13%低下させ(知力の影響を受ける)、独立に判定し、2ターンの間持続する
101	料事如神	101	TRUE	A	アクティブ	TRUE	TRUE	TRUE	TRUE	TRUE	計略複数	35	1	敵軍2人に計略ダメージを与え、目標の与ダメージを減らす	敵軍2人に計略ダメージ(ダメージ率53%、知力の影響を受ける)を発動し、目標の与ダメージを8%減らす。2ターン持続する。
102	機略縦横	102	TRUE	A	アクティブ	TRUE	TRUE	TRUE	TRUE	TRUE	計略複数	45	1	敵軍2人を燃焼状態および中毒状態にする	1ターンの準備期間の後、敵軍2人を燃焼状態および中毒状態にして毎ターン継続ダメージ(ダメージ率29%、知力の影響を受ける)を与える。2ターン持続する。
105	廬江上甲	105	TRUE	A	アクティブ	TRUE	TRUE	TRUE	TRUE	TRUE	援護	35	1	自身の統率を増やし、友軍単体の被ダメージを肩替りする	統率を22増やし、友軍単体が受けるダメージを20%肩替りする。2ターン持続する。
106	千里馳援	106	TRUE	A	アクティブ	TRUE	TRUE	TRUE	TRUE	TRUE	援護	40	1	自身の統率を増やし、友軍単体を援護する	友軍全体を援護し、自身の統率を20増やす。1ターン持続する。
107	左右開弓	107	TRUE	A	アクティブ			TRUE			兵刃単体	35	1	自身の会心発生率を増やし、兵刃ダメージを与える	会心(発動時、兵刃ダメージが100%上昇)の発生率を6.5%増やし、敵軍単体に兵刃ダメージ(ダメージ率90%)を与える。目標が騎兵の場合、潰走状態にして毎ターン継続ダメージ(ダメージ率45%、武力の影響を受ける)を与える。2ターン持続する。
109	驍健神脚	109	TRUE	A	アクティブ	TRUE	TRUE	TRUE	TRUE	TRUE	制御	25	1	自身を必中状態にし、敵軍単体を封印状態にする	敵軍単体を封印状態(通常攻撃不能)にする。1ターン持続する。さらに必中状態(回避状態を無視)になる。2ターン持続する。目標が既に封印状態の場合、兵刃ダメージ(ダメージ率156%、速度の影響を受ける)を与える。
110	腹背受敵	110		A	アクティブ	TRUE	TRUE	TRUE	TRUE	TRUE	計略単体	45	0	自身および敵軍単体が同時に計略ダメージを与える	自身および敵軍で知力が最も高い武将がそれぞれ敵軍単体に計略ダメージ(ダメージ率59%、知力の影響を受ける)を与える。
111	威武堂々	111		A	アクティブ	TRUE	TRUE	TRUE	TRUE	TRUE	制御	30	0	敵軍単体を挑発状態または封印状態にする	敵軍単体を挑発状態(目標が自身をロック)または封印状態(通常攻撃不能)にする。2ターン持続し、37.5%の確率でこの戦法が再度発動する。
112	暗中飛躍	112	TRUE	A	アクティブ	TRUE	TRUE	TRUE	TRUE	TRUE	兵刃単体	35	1	敵軍主将に兵刃ダメージを与える	1ターンの準備期間の後、敵軍主将に兵刃ダメージ(ダメージ率136%)を与える。
113	黄巾平定	113		A	指揮	TRUE	TRUE	TRUE	TRUE	TRUE	強化	100	0	自軍全体に砂嵐状態耐性を付与し、敵軍を逃亡状態にする	戦闘2ターン目に、自軍全体が砂嵐状態耐性を獲得し、さらに敵軍全体を逃亡状態にして毎ターン継続ダメージ(ダメージ率44%。武力または知力のうち高い方が影響し、防御は無視される)を与える。2ターン持続する。目標が黄巾軍の場合、ダメージ率を20%増やす。
114	手起刀落	114	TRUE	A	突撃	TRUE	TRUE	TRUE	TRUE	TRUE	兵刃単体	30	1	通常攻撃後、目標に兵刃ダメージを与える	通常攻撃後、目標に兵刃ダメージ(ダメージ率107%)を与える。
115	挫志怒襲	115	TRUE	A	アクティブ	TRUE	TRUE	TRUE	TRUE	TRUE	制御	25	1	敵軍2人を虚弱状態にし、条件付きで猛撃を発動する	1ターンの準備期間の後、敵軍2人を虚弱状態(ダメージを与えられない)にする。1ターン持続する。目標が既に虚弱状態の場合、猛撃(ダメージ率188%)を発動する。
117	驍勇善戦	117	TRUE	A	アクティブ	TRUE	TRUE	TRUE	TRUE	TRUE	兵刃単体	35	1	敵軍単体に兵刃ダメージを与え、自身の速度を増やす	1ターンの準備期間の後、敵軍単体に兵刃ダメージ(ダメージ率150%)を与え、自身の速度を20増やす。2ターン持続する。
119	虎豹上将	119	TRUE	A	アクティブ	TRUE	TRUE	TRUE	TRUE	TRUE	兵刃単体	35	1	敵軍単体に兵刃ダメージおよび計略ダメージを与える	敵軍単体に兵刃ダメージ(ダメージ率75%)および計略ダメージ(ダメージ率75%、知力の影響を受ける)を与える。
120	矢志不移	120	TRUE	A	パッシブ	TRUE	TRUE	TRUE	TRUE	TRUE	強化	100	1	自身を範囲攻撃状態にし、武力を増やす	2ターンの間、範囲攻撃状態(通常攻撃時、目標と同部隊にいる他の武将にダメージを与える。ダメージ率50%)になるが、50%の確率で範囲攻撃が発動せず単体攻撃になる。3ターン目以降、毎ターン武力を7.5増やす。
121	騎虎之勢	121	TRUE	A	指揮	TRUE	TRUE	TRUE	TRUE	TRUE	兵刃複数	100	1	友軍が通常攻撃を受けた時、その友軍を回復無効状態にし、敵軍2人に兵刃ダメージを与える	友軍が通常攻撃を受けた時、20%の確率でその友軍を回復無効状態(兵力回復不能、1ターン持続)にし、敵軍2人に兵刃ダメージ(ダメージ率36%)を与える。
122	奮突	122	TRUE	A	パッシブ	TRUE	TRUE	TRUE	TRUE	TRUE	強化	100	1	通常攻撃後、目標を封印状態にし、自身の兵刃ダメージを増やす	通常攻撃後、兵刃ダメージを6%増やす。最大3回重ねがけ可能。さらに35%の確率で目標を封印状態(通常攻撃不能)にする。1ターン持続する。
125	才器過人	125	TRUE	A	アクティブ	TRUE	TRUE	TRUE	TRUE	TRUE	強化	40	1	自軍2人の与計略ダメージを増やす	自軍2人の与計略ダメージを13.5%増やす。2ターン持続する。
126	詐降	126	TRUE	A	指揮	TRUE	TRUE	TRUE	TRUE	TRUE	強化	100	1	自身を混乱状態および休養状態にする	戦闘開始後1ターンの間、混乱状態(目標を無差別に攻撃)状態になり、2ターン目以降、休養状態(毎ターン兵力を回復、回復率80%、知力の影響を受ける)になる。3ターン持続する。
127	自癒	127	TRUE	A	パッシブ	TRUE	TRUE	TRUE	TRUE	TRUE	治療	100	1	自身を休養状態にする	休養状態(毎ターン兵力を回復。回復率50%)になる。
128	天降火雨	128	TRUE	A	アクティブ	TRUE	TRUE	TRUE	TRUE	TRUE	兵刃複数	50	1	敵軍2人に兵刃ダメージを与え、燃焼状態にする	1ターンの準備期間の後、敵軍2人に兵刃ダメージ(ダメージ率59%)を与え、燃焼状態にして毎ターン継続ダメージ(ダメージ率33%、知力の影響を受ける)を与える。1ターン持続する。
129	短兵相見	129	TRUE	A	アクティブ	TRUE	TRUE	TRUE	TRUE	TRUE	兵刃単体	40	1	敵軍単体の統率を減らし、兵刃ダメージを与える	敵軍単体の統率を15減らす。1ターン継続し、さらに兵刃ダメージ(ダメージ率105%)を与える。
132	不辱使命	132	TRUE	A	アクティブ	TRUE	TRUE	TRUE	TRUE	TRUE	兵刃単体	40	1	敵軍単体に兵刃ダメージを与え、恐慌状態にする	敵軍単体に兵刃ダメージ(ダメージ率110%)を与え、15%の確率で恐慌状態(行動不能)にする。1ターン持続する。
133	謙譲	133	TRUE	A	アクティブ	TRUE	TRUE	TRUE	TRUE	TRUE	強化	40	1	自軍単体の被ダメージを減らす	自軍単体の被ダメージを11%減らす(知力の影響を受ける)。3ターン持続する。
134	専横略奪	134	TRUE	A	アクティブ	TRUE	TRUE	TRUE	TRUE	TRUE	兵刃単体	45	1	敵軍単体に兵刃ダメージを与え、条件付きで回復無効状態にする	2回、敵軍単体に兵刃ダメージ(ダメージ率51%)を与え、目標が恐慌状態の場合、さらに回復無効状態(兵力回復不能)にする。2ターン持続する。それぞれの攻撃目標は別個に選択される。
136	暗蔵玄機	136	TRUE	A	突撃	TRUE	TRUE	TRUE	TRUE	TRUE	兵刃単体	40	1	通常攻撃後、目標に兵刃ダメージを与える	通常攻撃後、目標に兵刃ダメージ(ダメージ率72%)を与える。目標が敵軍主将の場合、さらに計略ダメージ(ダメージ率46%、知力の影響を受ける)を与える。
137	勇壮飛燕	137	TRUE	A	アクティブ	TRUE	TRUE	TRUE	TRUE	TRUE	兵刃単体	40	1	敵軍単体に兵刃ダメージを与える	敵軍単体に兵刃ダメージ(ダメージ率42%)を2-4回与える。
138	神上使	138	TRUE	A	アクティブ	TRUE	TRUE	TRUE	TRUE	TRUE	兵刃複数	50	1	敵軍全体を潰走状態にする	1ターンの準備期間の後、敵軍全体を潰走状態にして毎ターン継続ダメージ(ダメージ率34%、武力の影響を受ける)を与える。2ターン持続する。
139	暴政劫掠	139	TRUE	A	アクティブ	TRUE	TRUE	TRUE	TRUE	TRUE	兵刃単体	35	1	敵軍単体に兵刃ダメージを与え、恐慌状態にする	敵軍単体に兵刃ダメージ(ダメージ率86%)を与え、恐慌状態(行動不能)にする。1ターン持続する。
140	座守孤城	140	TRUE	A	アクティブ	TRUE	TRUE	TRUE	TRUE	TRUE	治療	45	1	自軍2人の兵力を回復する	"自軍2人の兵力を回復(回復率58%、知力の影響を受ける)する。	"
141	後発制人	141	TRUE	A	パッシブ	TRUE	TRUE	TRUE	TRUE	TRUE	兵刃単体	100	1	攻撃者に反撃する	通常攻撃を受けた時、攻撃者に反撃(ダメージ率26%)する。
142	一挙殲滅	142	TRUE	A	アクティブ	TRUE	TRUE	TRUE	TRUE	TRUE	兵刃単体	40	1	敵軍単体に兵刃ダメージを与え、条件付きで混乱状態にする	1ターンの準備期間の後、敵軍単体に兵刃ダメージ(ダメージ率167.5%)を与える。目標が砂嵐状態の場合、目標を混乱状態(目標を無差別に攻撃)にする。2ターン持続する。
143	落鳳	143	TRUE	A	アクティブ	TRUE	TRUE	TRUE	TRUE	TRUE	兵刃単体	35	1	敵軍単体に兵刃ダメージを与え、砕心状態にする	ある敵軍単体に兵刃ダメージ(ダメージ率125%)を与え、砕心状態(アクティブ戦法発動不能)にする。1ターン持続する。
146	唇槍舌戦	146	TRUE	A	アクティブ	TRUE	TRUE	TRUE	TRUE	TRUE	計略複数	50	1	敵軍全体に計略ダメージを与え、挑発状態にする	敵軍全体を計略ダメージ(ダメージ率30%、知力の影響を受ける)を与え、挑発状態(目標が自身をロック)にする。1ターン持続する。
147	避実撃虚	147	TRUE	A	アクティブ	TRUE	TRUE	TRUE	TRUE	TRUE	兵刃単体	50	1	敵軍単体に兵刃ダメージを与える	敵軍で統率が最も低い武将に兵刃ダメージ(ダメージ率92.5%)を与える。
148	御敵屏障	148	TRUE	A	指揮	TRUE	TRUE	TRUE	TRUE	TRUE	強化	100	1	自軍2人の被ダメージを減らす	戦闘開始後4ターンの間、自軍2人の被ダメージを12.5%減らす。
149	白眉	149	TRUE	A	パッシブ	TRUE	TRUE	TRUE	TRUE	TRUE	強化	100	1	自身のアクティブ戦法発動率を増やす	アクティブ戦法発動率を6%増やす。
150	射石飲羽	150	TRUE	A	突撃	TRUE	TRUE	TRUE	TRUE	TRUE	制御	40	1	通常攻撃後、目標の統率を減らし、砕心状態にする	通常攻撃後、目標の統率を75減らし、砕心状態(アクティブ戦法発動不能)にする。1ターン持続する。
153	偽城計	153		A	アクティブ	TRUE	TRUE	TRUE	TRUE	TRUE	強化	75	0	自身に混乱状態耐性を付与し、武力を増やす	混乱状態耐性を獲得し、武力を34増やす。2ターン持続する。
154	進言	154	TRUE	A	アクティブ	TRUE	TRUE	TRUE	TRUE	TRUE	強化	35	1	友軍単体のアクティブ戦法発動率および知力を増やす	友軍単体のアクティブ戦法発動率を4%増やし、知力を20増やす。2ターン持続する。
155	天下大吉	155	TRUE	A	アクティブ	TRUE	TRUE	TRUE	TRUE	TRUE	強化	35	1	自身を洞察状態および離反状態にする	自身が洞察状態(制御耐性を獲得)および21%離反状態(兵刃ダメージを与えた時、自身のダメージ量に基づき兵力を回復)になる。2ターン持続する。
156	長者之風	156	TRUE	A	指揮	TRUE	TRUE	TRUE	TRUE	TRUE	強化	100	1	自軍全体の武力、知力を増やす	自軍全体の武力、知力を14増やす
158	妖術	158	TRUE	A	アクティブ	TRUE	TRUE	TRUE	TRUE	TRUE	計略複数	40	1	自身に防御効果を付与し、敵軍全体を砂嵐状態にする	1ターンの準備期間の後、敵軍全体を砂嵐状態にして毎ターン継続ダメージ(ダメージ率36%、知力の影響を受ける)を与え、さらに自身の被ダメージを1回だけ無効化する。2ターン持続する。
197	折衝禦侮		TRUE	S	突撃	TRUE	TRUE	TRUE	TRUE	TRUE	強化	25	1	自軍主将に防御効果を付与し、敵軍単体の統率、知力を減らす	通常攻撃後、ランダムな敵軍単体の統率と知力を100減らす。2ターン持続する。自身が主将でない場合、自軍主将は2回ダメージを無効化する。2ターン持続する。
198	偽書疑心		TRUE	S	アクティブ	TRUE	TRUE	TRUE	TRUE	TRUE	計略単体	40	1	敵軍単体に計略ダメージを与え、混乱状態にする	敵軍単体に計略ダメージ(ダメージ率96%、知力の影響を受ける)を与える。目標が混乱状態の場合、味方討ちをさせる:目標が敵軍自軍単体の味方に攻撃する。(ダメージ率93%。目標の武力、知力のうち高い方がダメージのタイプとなる)。混乱状態ではない場合、混乱状態(目標を無差別に攻撃)にする。1ターン持続する。
199	神算鬼謀		TRUE	S	指揮	TRUE	TRUE	TRUE	TRUE	TRUE	計略複数	100	1	敵軍に計略ダメージを与える	2,4,6,8ターン目に敵軍2人にそれぞれ37.5%、52.5%、67.5%、82.5%の計略ダメージを与える(知力の影響を受ける)
200	夢中弑臣		TRUE	S	指揮	TRUE	TRUE	TRUE	TRUE	TRUE	強化	100	1	自軍副将にダメージを肩替りさせ、条件付きで自身を反撃状態にする	自身が主将の場合、戦闘開始後2ターンの間、副将をランダムに選択して被ダメージを20%肩替りさせる。3ターン目以降、行動時に弱体状態の場合、戦闘終了まで25%の確率で反撃状態になる(ダメージ率150%)。
201	勇猛果断		TRUE	S	突撃	TRUE	TRUE	TRUE	TRUE	TRUE	強化	45	1	自身に防御効果を付与し、アクティブ戦法のダメージを増やす	通常攻撃後、1回ダメージを無効化し、次に発動するアクティブ戦法のダメージを40%増やす
202	義心昭烈		TRUE	S	指揮	TRUE	TRUE	TRUE	TRUE	TRUE	強化	100	1	自身が回復を行う時、目標のアクティブ戦法の被ダメージを減らす	戦闘中、回復された目標のアクティブ戦法の被ダメージを7%減らす(知力の影響を受ける)。1ターン持続する。自身の兵力が戦闘中初めて30%未満になった時、自軍全体が被ダメージの25%を分担する。1ターン持続する。
203	乗敵不慮		TRUE	S	アクティブ	TRUE	TRUE	TRUE	TRUE	TRUE	計略単体	35	1	自軍主将を休養状態にし、敵軍主将を虚弱状態にする	1ターンの準備期間の後、敵軍主将を虚弱状態(ダメージを与えられない)にする。2ターン持続する。さらに自軍主将を休養状態(毎ターン兵力を回復。回復率54%、知力の影響を受ける)にする。2ターン持続する
204	万夫不当		TRUE	S	アクティブ	TRUE	TRUE		TRUE	TRUE	兵刃複数	30	1	敵軍全体に兵刃ダメージを与える	1ターンの準備期間の後、敵軍全体に兵刃ダメージ(ダメージ率123%)を与える。
205	舌戦群儒		TRUE	S	指揮	TRUE	TRUE	TRUE	TRUE	TRUE	制御	100	1	敵軍のアクティブ戦法発動率を減らす	敵軍全体のアクティブ戦法発動時、15%の確率で発動率を5%減らし(知力の影響を受ける)、自身および選択した友軍のアクティブ戦法発動率を2%(知力の影響を受ける)増やす。1ターン持続する。
206	千軍一掃		TRUE	S	アクティブ	TRUE	TRUE	TRUE	TRUE	TRUE	兵刃複数	40	1	敵軍全体に兵刃ダメージを与え、条件付きで恐慌状態にする	敵軍全体に兵刃ダメージ(ダメージ率50%)を与える。目標が既に封印状態または砕心状態の場合、20%の確率で恐慌状態(行動不能)にする。1ターン持続する。
207	結盟		TRUE	S	アクティブ	TRUE	TRUE	TRUE	TRUE	TRUE	強化	30	1	異性の友軍が回復または強化状態となった時、自身が同じ効果を獲得する	異性の友軍1人を選択する。目標が回復を受けた時または強化状態になった時、45%の確率で同じ効果(回復率は50%)を獲得する。2ターン持続する
208	智計		TRUE	S	アクティブ	TRUE	TRUE	TRUE	TRUE	TRUE	制御	50	1	敵軍２人の武力、知力を減らす	敵軍2人の武力、知力を19減らす(知力の影響を受ける)。2ターン持続し、最大2回重ねがけ可能
209	兵鋒		TRUE	S	アクティブ	TRUE	TRUE	TRUE	TRUE	TRUE	強化	25	1	自身および友軍単体を連撃状態にする	自身および友軍単体を連撃状態(1ターンに2回通常攻撃)にする。1ターン持続する。
210	燎原之火		TRUE	S	アクティブ	TRUE	TRUE	TRUE	TRUE	TRUE	計略複数	35	1	敵軍全体に計略ダメージを与え、燃焼状態にする	1ターンの準備期間の後、敵軍全体に火攻(ダメージ率51%、知力の影響を受ける)を発動し、燃焼状態にして毎ターン継続ダメージ(ダメージ率36%、知力の影響を受ける)を与える。2ターン持続する。
211	箕形陣		TRUE	S	陣法	TRUE	TRUE	TRUE	TRUE	TRUE	強化	100	1	敵軍主将の与ダメージを減らす	戦闘開始後3ターンの間、敵軍主将の与ダメージを20%低下させる(武力の影響を受ける)、ランダムに自軍の副将の兵刃被ダメージを9％低下させ、もう1人の副将の計略被ダメージを9％低下させる
212	形機軍略		TRUE	S	アクティブ	TRUE	TRUE	TRUE	TRUE	TRUE	兵刃単体	40	1	敵軍単体に兵刃ダメージおよび計略ダメージを与える	敵軍単体に兵刃ダメージ(ダメージ率105%)および計略ダメージ(ダメージ率90%、知力の影響を受ける)を与える
213	杯中蛇影		TRUE	S	アクティブ	TRUE	TRUE	TRUE	TRUE	TRUE	計略複数	50	1	自軍2人の兵力を回復し、敵軍2人に計略ダメージを与える	1ターンの準備期間の後、敵軍2人に計略ダメージ(ダメージ率76.5%)を与え、自軍2人の兵力を回復(回復率51%、知力の影響を受ける)する。
214	暴戻恣睢		TRUE	S	突撃	TRUE	TRUE	TRUE	TRUE	TRUE	兵刃単体	25	1	通常攻撃後、目標に兵刃ダメージを与え、混乱状態にする	通常攻撃後、目標に兵刃ダメージ(ダメージ率196%)を与え、混乱状態(目標を無差別に攻撃)にする。1ターン持続する。
215	一騎当千		TRUE	S	突撃	TRUE	TRUE	TRUE	TRUE	TRUE	兵刃複数	30	1	敵軍全体に兵刃ダメージを与える	通常攻撃後、敵軍全体に兵刃ダメージ(ダメージ率36%)を与える。自身が主将の場合、今回の兵刃ダメージの威力を強化する(ダメージ率54%)。
216	鈍兵挫鋭		TRUE	S	指揮	TRUE	TRUE	TRUE	TRUE	TRUE	制御	100	1	敵軍単体を虚弱状態にする	戦闘開始後3ターンの間、敵軍単体を虚弱状態(32.5%の確率でダメージを与えられない)にする。
217	守而必固		TRUE	S	指揮	TRUE	TRUE	TRUE	TRUE	TRUE	制御	100	1	自身の統率を増やし、敵軍主将を挑発状態にする	戦闘開始時、敵軍主将を挑発状態(目標が自身をロック)にし、自身の統率を20増やす。4ターン持続する。
218	横戈躍馬		TRUE	S	指揮	TRUE	TRUE	TRUE	TRUE	TRUE	強化	100	1	敵味方全体の与計略ダメージを減らし、通常攻撃および突撃戦法の与ダメージを増やす	戦闘開始後3ターンの間、敵味方全体の与計略ダメージを15%減らし、通常攻撃および突撃戦法のダメージを10%増やす
219	八門金鎖の陣		TRUE	S	陣法	TRUE	TRUE	TRUE	TRUE	TRUE	強化	100	1	自軍主将を先攻状態にし、敵軍2人の与ダメージを減らす	戦闘開始後3ターンの間、敵軍2人の与ダメージを15%(知力の影響を受ける)減らし、自軍主将を先攻状態(優先行動)にする。
220	魅惑		TRUE	S	パッシブ	TRUE	TRUE	TRUE	TRUE	TRUE	制御	100	1	自身が攻撃を受けた時、攻撃者を弱体状態にする	自身が通常攻撃を受けると、22.5%の確率で攻撃者を混乱(攻撃と戦法が目標を無差別に選択)、砕心(アクティブ戦法発動不能)、虚弱(ダメージを与えられない)のいずれかの状態にし、1ターンの間持続する。自身が女性の場合、発動確率が追加で知力の影響を受ける。
221	四面楚歌		TRUE	S	アクティブ	TRUE	TRUE	TRUE	TRUE	TRUE	計略複数	50	1	敵軍2人を中毒状態にする	1ターンの準備期間の後、敵軍2人を中毒状態にして毎ターン継続ダメージ(ダメージ率72%、知力の影響を受ける)を与える。2ターン持続する。
222	奇策妙計		TRUE	S	アクティブ	TRUE		TRUE			計略複数	45	1	敵軍全体に計略ダメージを与える	1ターンの準備期間の後、敵軍全体に計略ダメージ(ダメージ率88%、知力の影響を受ける)を与える
223	合軍集衆		TRUE	S	パッシブ	TRUE	TRUE	TRUE	TRUE	TRUE	治療	100	1	自身を休養状態にする	休養状態(毎ターン兵力を回復、回復率62%)になる。
224	絶地反撃		TRUE	S	パッシブ	TRUE	TRUE		TRUE		強化	100	1	自身の武力を増やし、敵軍全体に兵刃ダメージを与える	兵刃ダメージを受ける毎に武力を3増やす。最大10回重ねがけ可能。5ターン目に重ねがけした回数に応じて敵軍全体に兵刃ダメージ(ダメージ率60%、毎回ダメージ率7%上昇)を与える。
225	暫避其鋒		TRUE	S	指揮	TRUE	TRUE	TRUE	TRUE	TRUE	強化	100	1	自軍の武力および知力が最も高い武将の被ダメージを減らす	戦闘開始後3ターンの間、自軍で知力が最も高い武将の被兵刃ダメージを20%減らし(知力の影響を受ける)、自軍で武力が最も高い武将の被計略ダメージを20%減らす(知力の影響を受ける)。
226	文武両道		TRUE	S	パッシブ	TRUE	TRUE	TRUE	TRUE	TRUE	強化	100	1	自身がダメージを与える毎に武力または知力を増やす	計略ダメージを与える毎に知力が15増える。最大5回重ねがけ可能。さらに兵刃ダメージを与える毎に武力を15増やす。最大5回重ねがけ可能。
227	焔逐風飛		TRUE	S	アクティブ	TRUE	TRUE	TRUE	TRUE	TRUE	計略単体	35	1	SP周瑜継承（仮）	敵軍単体に対して計略攻撃(ダメージ率113％、知力の影響を受ける)および恐慌状態(行動不能)を与える。40%の確率で相手が受ける計略ダメージを6％上昇させ(知力の影響を受ける)、1ターンの間持続する
228	奮戦力闘		TRUE	S	アクティブ	TRUE	TRUE	TRUE	TRUE	TRUE	治療	55	1	自身の兵力を回復し、統率を増やす	自身の兵力を回復し(回復率134%)、統率を10.5増やす。最大2回重ね掛け可能。3ターン持続し、自身が副将の場合、回復率は武力の影響を受ける。
229	威謀必至		TRUE	S	アクティブ	TRUE	TRUE	TRUE	TRUE	TRUE	制御	25	1	虚弱状態にして、ある条件で逃亡状態にする	1ターンの間準備して敵軍集団(2人)に虚弱(ダメージを与えられない)状態をもたらし、2ターンの間持続する。目標がすでに虚弱状態の場合は逃亡状態にし、毎ターン継続してダメージを与え(ダメージ率79%、武力が知力のうち高いものの影響を受け、防御は無視)、2ターンの間持続する
230	万矢斉射		TRUE	S	アクティブ			TRUE			兵刃複数	40	1	敵軍全体に兵刃ダメージを与え、潰走状態にする	1ターンの準備期間の後、敵軍全体に兵刃ダメージ(ダメージ率70%)を与え、50%の確率で潰走状態にして毎ターン継続ダメージ(ダメージ率60%、武力の影響を受ける)を与える。1ターン持続する。
231	瞋目大喝		TRUE	S	アクティブ	TRUE	TRUE		TRUE	TRUE	強化	40	1	自身の武力を増やし、範囲攻撃状態になる	自身の武力を25増やし、35%範囲攻撃状態(通常攻撃時、目標と同部隊の他の武将にもダメージを与える)になる。2ターン持続する。
232	奇計良謀		TRUE	S	指揮	TRUE	TRUE	TRUE	TRUE	TRUE	強化	100	1	敵軍1－2人の与ダメージを減らす	戦闘開始後3ターンの間、敵軍の中で武力が最も高い武将の与兵刃ダメージを14%減らし(速度の影響を受ける)、敵軍の中で知力が最も高い武将の与計略ダメージを14%減らす(速度の影響を受ける)
233	臥薪嘗胆		TRUE	S	アクティブ	TRUE	TRUE	TRUE	TRUE	TRUE	兵刃複数	45	1	敵軍2人に兵刃ダメージを与え、恐慌状態にする	敵軍2人に兵刃ダメージ(ダメージ率48%)を与え、25%の確率(自身が連撃状態、洞察状態、先攻状態、必中状態、破陣状態の場合、確率が5%×状態数上昇)で恐慌状態(行動不能)を付与する。1ターン持続する。
234	百騎劫営		TRUE	S	突撃	TRUE					兵刃単体	40	1	敵軍単体に兵刃ダメージを与える	通常攻撃後、ある敵軍単体に兵刃ダメージ(ダメージ率81%)を与える。さらに、50%の確率で、敵軍主将に兵刃ダメージ(ダメージ率60%)を与える。
235	刮目相待		TRUE	S	パッシブ	TRUE	TRUE	TRUE	TRUE	TRUE	強化	100	1	通常攻撃ができなくなる代わりに、自身を強化し、敵軍全体に計略ダメージを与える	戦闘開始後3ターンの間、通常攻撃ができなくなる代わりに、回避効果を15%増やす。4ターン目に知力を34増やし、敵軍全体に計略ダメージ(ダメージ率90%、知力の影響を受ける)を与える。
236	乗勝長駆		TRUE	S	パッシブ	TRUE	TRUE	TRUE	TRUE	TRUE	強化	100	1	自身の与ダメージを増やす	毎ターン与ダメージを5.5%増やす。重ね掛け可能。
237	風助火勢		TRUE	S	アクティブ	TRUE	TRUE	TRUE	TRUE	TRUE	計略単体	45	1	敵軍単体に計略ダメージを与える	敵軍単体に計略ダメージ(ダメージ率77%、知力の影響を受ける)を与える。目標が燃焼状態の場合、さらに計略ダメージ(ダメージ率99%、知力の影響を受ける)を与える。
238	兵無常勢		TRUE	S	パッシブ	TRUE	TRUE	TRUE	TRUE	TRUE	計略単体	100	1	自身の兵力を回復し、通常攻撃の目標に計略ダメージを与える	3回目の通常攻撃時、目標に計略ダメージ(ダメージ率120%、知力の影響を受ける)を与え、自身を回復(回復率90%、知力の影響を受ける)する。
239	黄天太平		TRUE	S	アクティブ	TRUE	TRUE	TRUE	TRUE	TRUE	制御	25	1	自身を混乱状態にし、敵軍を砕心状態にする	1ターンの準備期間の後、自身が混乱状態(目標を無差別に攻撃)になる代わりに、敵軍2人を砕心状態(アクティブ戦法発動不能)にする。2ターン持続する。
240	破軍威勝		TRUE	S	アクティブ	TRUE	TRUE	TRUE	TRUE	TRUE	兵刃単体	40	1	満寵継承（仮）	敵軍単体の統率を35ポイント低下させ(武力の影響を受ける)、2ターンの間持続し、さらにそれに対し、兵刃攻撃(ダメージ率114%)を与える
241	克敵制勝		TRUE	S	突撃	TRUE	TRUE	TRUE	TRUE	TRUE	計略単体	40	1	通常攻撃後、目標に計略ダメージを与え、虚弱状態にする	通常攻撃後、目標に計略ダメージ(ダメージ率90%、知力の影響を受ける)を与える。目標が潰走状態または中毒状態の場合、70%の確率で目標を虚弱状態(ダメージを与えられない)にする。1ターン持続する。
242	鋒矢陣		TRUE	S	陣法	TRUE	TRUE		TRUE		強化	100	1	自軍主将を強化し、自軍副将を弱体する	自軍主将の与ダメージを15%増やし、被ダメージを20%増やす。さらに自軍副将の与ダメージを15%減らし、被ダメージを12.5%減らす。
243	沈砂決水		TRUE	S	アクティブ	TRUE	TRUE	TRUE	TRUE	TRUE	計略複数	40	1	敵軍2人を水溺状態にし、被計略ダメージを増やす	1ターンの準備期間の後、敵軍2人を水溺状態にして毎ターン継続ダメージ(ダメージ率63%、知力の影響を受ける)を与え、被計略ダメージを25%増やす。2ターン持続する。
244	破陣砕堅		TRUE	S	アクティブ	TRUE	TRUE	TRUE	TRUE	TRUE	兵刃複数	35	1	敵軍2人の統率、知力を減らし、その敵に兵刃ダメージを与える	1ターンの準備期間の後、敵軍2人の統率、知力を40減らす(武力の影響を受ける)。2ターン持続する。さらにその敵に兵刃ダメージ(ダメージ率79%)を与える。
245	誘敵深入		TRUE	S	アクティブ	TRUE	TRUE	TRUE	TRUE	TRUE	計略複数	40	1	敵軍2人を砂嵐状態にし、被兵刃ダメージを増やす	1ターンの準備期間の後、敵軍2人を砂嵐状態にして毎ターン継続ダメージ(ダメージ率63%、知力の影響を受ける)を与え、被兵刃ダメージを25%増やす。2ターン持続する。
246	意気衝天		TRUE	S	指揮	TRUE	TRUE	TRUE	TRUE	TRUE	制御	100	1	敵軍2人を封印状態にする	戦闘開始後2ターンの間、敵軍2人を毎ターン45%の確率で封印状態(通常攻撃不能)にする。
247	刮骨療毒		TRUE	S	アクティブ	TRUE	TRUE	TRUE	TRUE	TRUE	治療	40	1	自軍単体の弱体状態を解除し、兵力を回復する	自軍で損失兵力が最も多い武将の弱体状態を解除し、兵力を回復(回復率128%、知力の影響を受ける)する。
248	傾国傾城		TRUE	S	アクティブ	TRUE	TRUE	TRUE	TRUE	TRUE	制御	25	1	敵軍1－2人を混乱状態にする	1ターンの準備期間の後、敵軍1-2人を混乱状態(目標を無差別に攻撃)にし、50%の確率で自軍2人の被ダメージを8%減らす。2ターン持続する。自身が女性の場合、必ず敵軍2人に発動する。
249	昏迷乱擾		TRUE	S	アクティブ	TRUE	TRUE	TRUE	TRUE	TRUE	制御	55	1	敵軍単体の武力、統率、知力、速度を奪う	敵軍単体の武力、統率、知力、速度を19奪取する(知力の影響を受ける)。2ターン持続し、2回重ねがけ可能。
250	声東撃西		TRUE	A	アクティブ	TRUE	TRUE	TRUE	TRUE	TRUE	計略複数	40	1	敵軍２人に計略ダメージを与え、速度を減らす	1ターンの準備期間の後、敵軍2人に計略ダメージ(ダメージ率87.5%、知力の影響を受ける)を与え、速度を15減らす。2ターン持続する。
251	仁者無敵		TRUE	A	アクティブ	TRUE	TRUE	TRUE	TRUE	TRUE	制御	20	1	敵軍2人を封印状態または砕心状態にする	1ターンの準備期間の後、敵軍2人を砕心状態(アクティブ戦法発動不能)または封印状態(通常攻撃不能)にする。1-2ターン持続する(30%の確率で2ターン持続する)。
252	風声鶴唳		TRUE	A	アクティブ	TRUE	TRUE	TRUE	TRUE	TRUE	計略複数	45	1	敵軍2人に計略ダメージを与え、砂嵐状態にする	1ターンの準備期間の後、敵軍2人に計略ダメージ(ダメージ率52.5%、知力の影響を受ける)を与え、砂嵐状態にして毎ターン継続ダメージ(ダメージ率60%、知力の影響を受ける)を与える。1ターン持続する。
253	強攻		TRUE	A	アクティブ	TRUE	TRUE	TRUE	TRUE	TRUE	強化	25	2	自身を連撃状態にする	連撃状態(1ターンに2回通常攻撃)になる。1ターン持続する。
254	名文雷震		TRUE	A	アクティブ	TRUE	TRUE	TRUE	TRUE	TRUE	計略単体	50	1	敵味方問わず1人に計略ダメージを与え、目標の被計略ダメージを増やす	ある単体(5%の確率で友軍に発動)に計略ダメージ(ダメージ率85%、知力の影響を受ける)を与え、さらにその目標の被計略ダメージを9%増やす。2ターン持続する。
255	偃旗息鼓		TRUE	A	アクティブ	TRUE	TRUE	TRUE	TRUE	TRUE	計略単体	40	1	自軍2人の与計略ダメージを増やし、敵軍単体に計略ダメージを与える	1ターンの準備期間の後、自軍2人の与計略ダメージを12.5%増やす。1ターン持続し、さらに敵軍単体に計略ダメージ(ダメージ率105%、知力の影響を受ける)を与える。
256	百錬成鋼		TRUE	A	パッシブ	TRUE	TRUE	TRUE	TRUE	TRUE	強化	100	2	自身の武力、統率、知力、速度を増やす	武力、統率、知力、速度を18増やす。
257	駆散		TRUE	A	アクティブ	TRUE	TRUE	TRUE	TRUE	TRUE	強化	30	1	自身の知力を増やし、敵軍全体の強化状態を解除する	敵軍全体の強化状態を解除し、自身の知力を14増やす。3ターン持続する。
258	浄化		TRUE	A	アクティブ	TRUE	TRUE	TRUE	TRUE	TRUE	強化	30	1	自軍2人の武力、知力、速度を増やし、弱体状態を解除する	自軍2人の武力、知力、速度を12増やす。2ターン持続する。さらに弱体状態を解除する。
259	追傷		TRUE	B	突撃	TRUE	TRUE	TRUE	TRUE	TRUE	制御	25	3	通常攻撃後、目標を回復無効状態にする	通常攻撃後、目標を回復無効状態(兵力回復不能)にする。2ターン持続する。
900	太平道法		TRUE	S	パッシブ	TRUE	TRUE	TRUE	TRUE	TRUE	強化	100	1	自身の鬼謀および固有のアクティブ戦法発動率を増やす	鬼謀(発動時、計略ダメージが100%上昇)の発生率を14%増やし、さらに固有アクティブ戦法発動率を(3％、準備戦法の場合は6%、知力の影響を受ける)増やす。自身が黄巾軍の主将の時、黄巾軍の副将の固有戦法発動率を同様に増やす
901	整装雌伏		TRUE	A	指揮	TRUE	TRUE	TRUE	TRUE	TRUE	治療	100	1	自軍2人の兵力を回復する	偶数ターンに自軍2人の兵力を回復(回復率44%、知力の影響を受ける)する
902	錦帆軍		TRUE	S	兵種			TRUE			強化	100	1	弓兵を意気盛んな錦帆兵にランクアップさせる	弓兵を意気盛んな錦帆軍にランクアップする。通常攻撃時、40%の確率で目標を潰走状態(ダメージ率32%、武力の影響を受ける)にする。2ターン持続する。目標が既に潰走状態の場合、兵刃ダメージ(ダメージ率55%)を与え、ダメージ量の30%の兵力を回復する。甘寧が統率している場合、友軍の会心(発動時、兵刃ダメージが100%上昇)の発生率を3％増やす
903	狭勢弄権		TRUE	A	アクティブ	TRUE	TRUE	TRUE	TRUE	TRUE	計略単体	35	1	計略ダメージを与え、混乱状態にする	ある敵軍単体に計略ダメージ(ダメージ率93%、知力の影響を受ける)を与え、1ターンの間、混乱状態(目標を無差別に攻撃)にする
904	伝檄宣威		TRUE	A	アクティブ	TRUE	TRUE	TRUE	TRUE	TRUE	計略単体	35	1	敵軍1人に計略ダメージを与え、封印状態にする	ある敵軍単体に計略ダメージ(ダメージ率82.5%、知力の影響を受ける)を与え、2ターンの間、封印状態(通常攻撃不能)にする
905	三勢陣		TRUE	S	陣法	TRUE	TRUE	TRUE	TRUE	TRUE	強化	100	1	武将の陣営が異なる時、自軍主将および副将を強化する	自軍の武将3名がいずれも異なる陣営の時、戦闘開始後5ターンの間、主将の固有アクティブ戦法および固有突撃戦法の発動率を8％増やす。毎ターン行動前に損失兵力の多い副将の被ダメージを15%減らし、もう一方の副将の与ダメージを12.5%増やす。1ターン持続する
906	気凌三軍		TRUE	S	パッシブ	TRUE	TRUE	TRUE	TRUE	TRUE	兵刃単体	100	1	攻撃者に反撃する	通常攻撃を受けた時、攻撃者に反撃(ダメージ率26%)する。自身が副将の場合、ダメージ率は37%になる
907	鬼神霆威		TRUE	S	突撃	TRUE	TRUE	TRUE	TRUE	TRUE	兵刃単体	35	1	通常攻撃後、目標に兵刃ダメージを与える	通常攻撃後、目標に兵刃ダメージ(ダメージ率102%)を与える。自身が主将かつ目標の兵力が50%未満の時、さらにダメージを増やす(目標の損失兵力の影響を受ける、最大25%)
908	火熾原燎		TRUE	S	アクティブ	TRUE	TRUE	TRUE	TRUE	TRUE	計略複数	50	1	敵軍単体に兵刃ダメージを与え、燃焼状態にする	敵軍2-3人を燃焼状態にして毎ターン継続ダメージ(ダメージ率28%、知力の影響を受ける)を与える。2ターン持続する。目標が既に燃焼状態の場合、兵刃ダメージ(ダメージ率48%)を与える
909	独行赴闘		TRUE	S	アクティブ	TRUE	TRUE	TRUE	TRUE	TRUE	制御	50	1	自身の統率を増やし、敵軍全体を挑発状態する	敵軍全体を挑発状態(目標が自身をロック)にし、自身の統率を20%増やす。2ターン持続する。
910	斂衆而撃		TRUE	A	アクティブ	TRUE	TRUE	TRUE	TRUE	TRUE	兵刃複数	35	1	兵刃ダメージを与え、兵力が回復する	敵軍1-2人に兵刃ダメージ(ダメージ率82%)を与え、さらに45%の確率で自身の兵力を回復(回復率44%、武力の影響を受ける)
911	青州兵		TRUE	S	兵種				TRUE		強化	100	1	槍兵を精鋭の青州兵にランクアップさせる	槍兵を精鋭部隊の青州兵にランクアップさせる。戦闘開始後2ターンの間、自軍2人が通常攻撃を受ける度、攻撃者に一回反撃する(ダメージ率36%)。3ターン目に、自軍全体の兵力を兵力の低い単体から順次に回復する(全体で回復率は90%まで、武力の影響及び敵軍から受けたダメージの影響を受ける)。曹操が統率する場合、回復はさらに統率の影響を受けるようになる。
912	慰撫軍民		TRUE	S	指揮	TRUE	TRUE	TRUE	TRUE	TRUE	強化	100	1	自軍2人の与ダメージおよび被ダメージを減らし、兵力を回復する	戦闘開始後3ターンの間、自軍2人の与ダメージを12%減らし、被ダメージを12％減らす(統率の影響を受ける)。さらに4ターン目に兵力を回復(回復率63%、知力の影響を受ける)する
913	剛勇無比		TRUE	S	パッシブ	TRUE	TRUE	TRUE	TRUE	TRUE	強化	100	1	兵刃ダメージを受けた次のターン、自身の会心発生率と与兵刃ダメージを増やす	兵刃ダメージを受けた次のターンの行動時、会心(発動時、兵刃ダメージが100%上昇)の発生率を10%増やし、さらに次の攻撃のダメージを32.5%増やす。1ターン持続する
914	虎踞鷹揚		TRUE	S	パッシブ	TRUE	TRUE	TRUE	TRUE	TRUE	強化	100	1	自身に封印状態耐性を付与し、兵刃ダメージを増やす	封印状態耐性を獲得する。さらに通常攻撃後、与兵刃ダメージを3.5%増やす。最大4回重ねがけ可能
915	倉廩豊実		TRUE	A	内政	TRUE	TRUE	TRUE	TRUE	TRUE	内政	100	1	兵糧官委任時、糧食産出量を増やす	武将が兵糧官に委任された場合、糧食産出量を1％増やす
916	虎衛軍		TRUE	S	兵種		TRUE				強化	100	1	盾兵を戦場堅守の虎衛軍にランクアップさせる	盾兵を戦場堅守の虎衛軍にランクアップする。戦闘中、自軍主将が通常攻撃を受ける毎に副将の武力を6増やし、最大5回発動重ねることが可能。さらに副将各自はその攻撃者に兵刃ダメージ(基本与ダメージ率36%。各自の損失兵力の度合を受け、最大で20%を追加)を与える。毎ターン1回のみ発動する。典韋または許褚が統率している場合、統率を25増やす
917	決水懐城		TRUE	S	アクティブ	TRUE	TRUE	TRUE	TRUE	TRUE	計略複数	45	1	計略ダメージと水溺を与え、与ダメージが低下する	1ターンの準備期間の後、敵軍複数(2～3人)を破壊(装備が機能しなくなる)状態及び水溺状態(ダメージ率56%、知力の影響を受ける)にし、2ターンの間持続する。なお、この戦法は褚回ターンにて発動する場合、準備ターンが不要になる。
918	剣鋒破砕		TRUE	S	突撃	TRUE	TRUE	TRUE	TRUE	TRUE	計略単体	35	1	通常攻撃後、目標に計略ダメージを与え、偽報状態にする	通常攻撃後、目標に計略ダメージ(ダメージ率91%、知力の影響を受ける)を与える。さらに1ターンの間、偽報状態(パッシブ戦法および指揮戦法発動不能)にする
919	引弦力戦		TRUE	S	パッシブ			TRUE			強化	100	1	自身を範囲攻撃状態にし、武力を増やす	通常攻撃後、45%の確率で範囲攻撃状態(通常攻撃時、目標と同部隊にいる他の武将にダメージを与える)になる(ダメージ率26%)。既に範囲攻撃状態の場合、武力を8増やす。3ターン持続し、最大6回重ね掛け可能
920	武鋒陣		TRUE	S	陣法	TRUE	TRUE	TRUE	TRUE	TRUE	強化	100	1	武将の兵種適性が異なるとき、強化獲得	自軍の武将3人の兵種適性が異なる場合、戦闘開始後5ターンの間、80%の確率で自軍主将を優先的に敵軍戦法の目標とさせ、その戦法により受けるダメージを15%減少させる(主将の統率の影響を受ける)。戦闘中は、奇数ターンに兵種適性の低い副将が自軍単体の兵力を回復する(回復率92%)。偶数ターンに兵種適性の高い副将の与ダメージを7.5％上昇させる(重ねがけ可能)
921	焚輜営塁		TRUE	S	アクティブ	TRUE	TRUE	TRUE	TRUE	TRUE	計略複数	35	1	敵軍2人に計略ダメージを与え、回復無効状態にする	敵軍2人に計略ダメージ(ダメージ率73%、知力の影響を受ける)を与え、回復無効状態(兵力回復不能)にする。1ターン持続する
922	籠城自守		TRUE	S	アクティブ	TRUE	TRUE	TRUE	TRUE	TRUE	治療	50	1	自軍2人の兵力を回復し、休養状態にする	自軍2人の兵力を回復(回復率46%、知力の影響を受ける)し、さらに休養状態(毎ターン兵力を回復。回復率31％)にする。1ターン持続する。
923	据水断橋		TRUE	S	アクティブ	TRUE	TRUE		TRUE	TRUE	兵刃複数	40	1	潰走をもたらし、ダメージを低下、離反の獲得	敵軍集団(2～3人)を潰走状態にし、毎ターン継続的にダメージを与え(ダメージ率39%、武力の影響を受ける)、相手が与えるダメージを4％減少させ(双方の武力差の影響を受ける)。自身に8％離反を獲得させ(兵刃ダメージを与えたとき、ダメージ量に応じて自身の兵力を一定まで回復させる)、2ターンの間持続する。この戦法の発動後、1ターンの間は冷却となる
924	草船借箭		TRUE	S	アクティブ	TRUE	TRUE	TRUE	TRUE	TRUE	治療	65	1	マイナス効果の除去と応急獲得	自軍集団(2～3人)の弱体状態を解除し、自軍2人に応急状態を付与させ、ダメージを受ける度に35％の確率で一定の兵力を回復させ(ダメージ量の14％、統率の影響を受ける)、2ターンの間持続し、この戦法は一度発動後に再び発動するには1ターンの間の冷却を要する
925	鉄騎駆馳		TRUE	S	指揮	TRUE					制御	100	1	敵軍全体を襲撃状態にし、統率を減らす	戦闘開始後2ターンの間、敵軍全体を襲撃状態(行動停滞)にさせる。自軍全体が突撃戦法を発動した場合、通常攻撃目標の統率を7.5%減らす。3ターン持続し、重ね掛け可能
926	裸衣血戦		TRUE	S	パッシブ	TRUE	TRUE	TRUE	TRUE	TRUE	強化	100	1	自身を連撃状態にし、統率を減らす	アクティブ戦法が発動不能になる。戦闘開始後3ターンの間、45%連撃状態(1ターンに2回通常攻撃)および5％離反状態(兵刃ダメージを与えた時、ダメージ量に基づき兵力を回復)になる。さらに自身および敵軍単体の統率を40%減らす
927	撃其惰帰		TRUE	S	アクティブ		TRUE				強化	40	1	治療を獲得または反撃する	次のターンまでに、自身の最大兵力の20%を超えたダメージを受けた場合、直ちに自身の兵力を回復し(回復率148%、統率の影響を受ける)、さらに計略被ダメージ(統率の影響を受ける)を12.5%減少させ、1ターンの間持続する。それ以外の場合は次のターンに行動時、敵軍全体に兵刃ダメージ(ダメージ率77%)を与える
928	水路断截		TRUE	S	アクティブ	TRUE	TRUE	TRUE	TRUE	TRUE	兵刃複数	50	1	兵刃ダメージと回復無効状態をもたらす	1ターンの間に準備し、敵軍集団(2～3人)に対して一度の兵刃攻撃を与え(ダメージ率81%)、回復無効状態にし(兵力回復ができない)、1ターンの間持続する
160	挑発		TRUE	B	アクティブ	TRUE	TRUE	TRUE	TRUE	TRUE	制御	30	3	敵軍全体を挑発状態(目標が自身をロック)にする。1ターン持続する。	盾_挑発_敵軍全体